# x,y,psi,v_target -- oracle path + speed profile exported by tuner.tools.export_speed_profile from a cone_recorder map.
# source_map=/home/Formula-Student-Driverless-Simulator/ros2/src/fsae_planning/tracks/acceleration_20260916/cone_map.json
x,y,psi,v_target
10.0000,0.0000,0.00000,18.0000
10.0651,0.0000,0.00000,18.0000
10.1301,0.0000,0.00000,18.0000
10.1952,0.0000,0.00000,18.0000
10.2603,0.0000,0.00000,18.0000
10.3253,0.0000,0.00000,18.0000
10.3904,0.0000,0.00000,18.0000
10.4555,0.0000,0.00000,18.0000
10.5205,0.0000,0.00000,18.0000
10.5856,0.0000,0.00000,18.0000
10.6507,0.0000,0.00000,18.0000
10.7157,0.0000,0.00000,18.0000
10.7808,0.0000,0.00000,18.0000
10.8458,0.0000,0.00000,18.0000
10.9109,0.0000,0.00000,18.0000
10.9760,0.0000,0.00000,18.0000
11.0410,0.0000,0.00000,18.0000
11.1061,0.0000,0.00000,18.0000
11.1712,0.0000,0.00000,18.0000
11.2362,0.0000,0.00000,18.0000
11.3013,0.0000,0.00000,18.0000
11.3664,0.0000,0.00000,18.0000
11.4314,0.0000,0.00000,18.0000
11.4965,0.0000,0.00000,18.0000
11.5616,0.0000,0.00000,18.0000
11.6266,0.0000,0.00000,18.0000
11.6917,0.0000,0.00000,18.0000
11.7568,0.0000,0.00000,18.0000
11.8218,0.0000,0.00000,18.0000
11.8869,0.0000,0.00000,18.0000
11.9520,0.0000,0.00000,18.0000
12.0170,0.0000,0.00000,18.0000
12.0821,0.0000,0.00000,18.0000
12.1471,0.0000,0.00000,18.0000
12.2122,0.0000,0.00000,18.0000
12.2773,0.0000,0.00000,18.0000
12.3423,0.0000,0.00000,18.0000
12.4074,0.0000,0.00000,18.0000
12.4725,0.0000,0.00000,18.0000
12.5375,0.0000,0.00000,18.0000
12.6026,0.0000,0.00000,18.0000
12.6677,0.0000,0.00000,18.0000
12.7327,0.0000,0.00000,18.0000
12.7978,0.0000,0.00000,18.0000
12.8629,0.0000,0.00000,18.0000
12.9279,0.0000,0.00000,18.0000
12.9930,0.0000,0.00000,18.0000
13.0581,0.0000,0.00000,18.0000
13.1231,0.0000,0.00000,18.0000
13.1882,0.0000,0.00000,18.0000
13.2533,0.0000,0.00000,18.0000
13.3183,0.0000,0.00000,18.0000
13.3834,0.0000,0.00000,18.0000
13.4484,0.0000,0.00000,18.0000
13.5135,0.0000,0.00000,18.0000
13.5786,0.0000,0.00000,18.0000
13.6436,0.0000,0.00000,18.0000
13.7087,0.0000,0.00000,18.0000
13.7738,0.0000,0.00000,18.0000
13.8388,0.0000,0.00000,18.0000
13.9039,0.0000,0.00000,18.0000
13.9690,0.0000,0.00000,18.0000
14.0340,0.0000,0.00000,18.0000
14.0991,0.0000,0.00000,18.0000
14.1642,0.0000,0.00000,18.0000
14.2292,0.0000,0.00000,18.0000
14.2943,0.0000,0.00000,18.0000
14.3594,0.0000,0.00000,18.0000
14.4244,0.0000,0.00000,18.0000
14.4895,0.0000,0.00000,18.0000
14.5546,0.0000,0.00000,18.0000
14.6196,0.0000,0.00000,18.0000
14.6847,0.0000,0.00000,18.0000
14.7497,0.0000,0.00000,18.0000
14.8148,0.0000,0.00000,18.0000
14.8799,0.0000,0.00000,18.0000
14.9449,0.0000,0.00000,18.0000
15.0100,0.0000,0.00000,18.0000
15.0751,0.0000,0.00000,18.0000
15.1401,0.0000,0.00000,18.0000
15.2052,0.0000,0.00000,18.0000
15.2703,0.0000,0.00000,18.0000
15.3353,0.0000,0.00000,18.0000
15.4004,0.0000,0.00000,18.0000
15.4655,0.0000,0.00000,18.0000
15.5305,0.0000,0.00000,18.0000
15.5956,0.0000,0.00000,18.0000
15.6607,0.0000,0.00000,18.0000
15.7257,0.0000,0.00000,18.0000
15.7908,0.0000,0.00000,18.0000
15.8559,0.0000,0.00000,18.0000
15.9209,0.0000,0.00000,18.0000
15.9860,0.0000,0.00000,18.0000
16.0511,0.0000,0.00000,18.0000
16.1161,0.0000,0.00000,18.0000
16.1812,0.0000,0.00000,18.0000
16.2462,0.0000,0.00000,18.0000
16.3113,0.0000,0.00000,18.0000
16.3764,0.0000,0.00000,18.0000
16.4414,0.0000,0.00000,18.0000
16.5065,0.0000,0.00000,18.0000
16.5716,0.0000,0.00000,18.0000
16.6366,0.0000,0.00000,18.0000
16.7017,0.0000,0.00000,18.0000
16.7668,0.0000,0.00000,18.0000
16.8318,0.0000,0.00000,18.0000
16.8969,0.0000,0.00000,18.0000
16.9620,0.0000,0.00000,18.0000
17.0270,0.0000,0.00000,18.0000
17.0921,0.0000,0.00000,18.0000
17.1572,0.0000,0.00000,18.0000
17.2222,0.0000,0.00000,18.0000
17.2873,0.0000,0.00000,18.0000
17.3524,0.0000,0.00000,18.0000
17.4174,0.0000,0.00000,18.0000
17.4825,0.0000,0.00000,18.0000
17.5475,0.0000,0.00000,18.0000
17.6126,0.0000,0.00000,18.0000
17.6777,0.0000,0.00000,18.0000
17.7427,0.0000,0.00000,18.0000
17.8078,0.0000,0.00000,18.0000
17.8729,0.0000,0.00000,18.0000
17.9379,0.0000,0.00000,18.0000
18.0030,0.0000,0.00000,18.0000
18.0681,0.0000,0.00000,18.0000
18.1331,0.0000,0.00000,18.0000
18.1982,0.0000,0.00000,18.0000
18.2633,0.0000,0.00000,18.0000
18.3283,0.0000,0.00000,18.0000
18.3934,0.0000,0.00000,18.0000
18.4585,0.0000,0.00000,18.0000
18.5235,0.0000,0.00000,18.0000
18.5886,0.0000,0.00000,18.0000
18.6537,0.0000,0.00000,18.0000
18.7187,0.0000,0.00000,18.0000
18.7838,0.0000,0.00000,18.0000
18.8488,0.0000,0.00000,18.0000
18.9139,0.0000,0.00000,18.0000
18.9790,0.0000,0.00000,18.0000
19.0440,0.0000,0.00000,18.0000
19.1091,0.0000,0.00000,18.0000
19.1742,0.0000,0.00000,18.0000
19.2392,0.0000,0.00000,18.0000
19.3043,0.0000,0.00000,18.0000
19.3694,0.0000,0.00000,18.0000
19.4344,0.0000,0.00000,18.0000
19.4995,0.0000,0.00000,18.0000
19.5646,0.0000,0.00000,18.0000
19.6296,0.0000,0.00000,18.0000
19.6947,0.0000,0.00000,18.0000
19.7598,0.0000,0.00000,18.0000
19.8248,0.0000,0.00000,18.0000
19.8899,0.0000,0.00000,18.0000
19.9550,0.0000,0.00000,18.0000
20.0200,0.0000,0.00000,18.0000
20.0851,0.0000,0.00000,18.0000
20.1502,0.0000,0.00000,18.0000
20.2152,0.0000,0.00000,18.0000
20.2803,0.0000,0.00000,18.0000
20.3453,0.0000,0.00000,18.0000
20.4104,0.0000,0.00000,18.0000
20.4755,0.0000,0.00000,18.0000
20.5405,0.0000,0.00000,18.0000
20.6056,0.0000,0.00000,18.0000
20.6707,0.0000,0.00000,18.0000
20.7357,0.0000,0.00000,18.0000
20.8008,0.0000,0.00000,18.0000
20.8659,0.0000,0.00000,18.0000
20.9309,0.0000,0.00000,18.0000
20.9960,0.0000,0.00000,18.0000
21.0611,0.0000,0.00000,18.0000
21.1261,0.0000,0.00000,18.0000
21.1912,0.0000,0.00000,18.0000
21.2563,0.0000,0.00000,18.0000
21.3213,0.0000,0.00000,18.0000
21.3864,0.0000,0.00000,18.0000
21.4515,0.0000,0.00000,18.0000
21.5165,0.0000,0.00000,18.0000
21.5816,0.0000,0.00000,18.0000
21.6466,0.0000,0.00000,18.0000
21.7117,0.0000,0.00000,18.0000
21.7768,0.0000,0.00000,18.0000
21.8418,0.0000,0.00000,18.0000
21.9069,0.0000,0.00000,18.0000
21.9720,0.0000,0.00000,18.0000
22.0370,0.0000,0.00000,18.0000
22.1021,0.0000,0.00000,18.0000
22.1672,0.0000,0.00000,18.0000
22.2322,0.0000,0.00000,18.0000
22.2973,0.0000,0.00000,18.0000
22.3624,0.0000,0.00000,18.0000
22.4274,0.0000,0.00000,18.0000
22.4925,0.0000,0.00000,18.0000
22.5576,0.0000,0.00000,18.0000
22.6226,0.0000,0.00000,18.0000
22.6877,0.0000,0.00000,18.0000
22.7528,0.0000,0.00000,18.0000
22.8178,0.0000,0.00000,18.0000
22.8829,0.0000,0.00000,18.0000
22.9479,0.0000,0.00000,18.0000
23.0130,0.0000,0.00000,18.0000
23.0781,0.0000,0.00000,18.0000
23.1431,0.0000,0.00000,18.0000
23.2082,0.0000,0.00000,18.0000
23.2733,0.0000,0.00000,18.0000
23.3383,0.0000,0.00000,18.0000
23.4034,0.0000,0.00000,18.0000
23.4685,0.0000,0.00000,18.0000
23.5335,0.0000,0.00000,18.0000
23.5986,0.0000,0.00000,18.0000
23.6637,0.0000,0.00000,18.0000
23.7287,0.0000,0.00000,18.0000
23.7938,0.0000,0.00000,18.0000
23.8589,0.0000,0.00000,18.0000
23.9239,0.0000,0.00000,18.0000
23.9890,0.0000,0.00000,18.0000
24.0541,0.0000,0.00000,18.0000
24.1191,0.0000,0.00000,18.0000
24.1842,0.0000,0.00000,18.0000
24.2492,0.0000,0.00000,18.0000
24.3143,0.0000,0.00000,18.0000
24.3794,0.0000,0.00000,18.0000
24.4444,0.0000,0.00000,18.0000
24.5095,0.0000,0.00000,18.0000
24.5746,0.0000,0.00000,18.0000
24.6396,0.0000,0.00000,18.0000
24.7047,0.0000,0.00000,18.0000
24.7698,0.0000,0.00000,18.0000
24.8348,0.0000,0.00000,18.0000
24.8999,0.0000,0.00000,18.0000
24.9650,0.0000,0.00000,18.0000
25.0300,0.0000,0.00000,18.0000
25.0951,0.0000,0.00000,18.0000
25.1602,0.0000,0.00000,18.0000
25.2252,0.0000,0.00000,18.0000
25.2903,0.0000,0.00000,18.0000
25.3554,0.0000,0.00000,18.0000
25.4204,0.0000,0.00000,18.0000
25.4855,0.0000,0.00000,18.0000
25.5506,0.0000,0.00000,18.0000
25.6156,0.0000,0.00000,18.0000
25.6807,0.0000,0.00000,18.0000
25.7457,0.0000,0.00000,18.0000
25.8108,0.0000,0.00000,18.0000
25.8759,0.0000,0.00000,18.0000
25.9409,0.0000,0.00000,18.0000
26.0060,0.0000,0.00000,18.0000
26.0711,0.0000,0.00000,18.0000
26.1361,0.0000,0.00000,18.0000
26.2012,0.0000,0.00000,18.0000
26.2663,0.0000,0.00000,18.0000
26.3313,0.0000,0.00000,18.0000
26.3964,0.0000,0.00000,18.0000
26.4615,0.0000,0.00000,18.0000
26.5265,0.0000,0.00000,18.0000
26.5916,0.0000,0.00000,18.0000
26.6567,0.0000,0.00000,18.0000
26.7217,0.0000,0.00000,18.0000
26.7868,0.0000,0.00000,18.0000
26.8519,0.0000,0.00000,18.0000
26.9169,0.0000,0.00000,18.0000
26.9820,0.0000,0.00000,18.0000
27.0470,0.0000,0.00000,18.0000
27.1121,0.0000,0.00000,18.0000
27.1772,0.0000,0.00000,18.0000
27.2422,0.0000,0.00000,18.0000
27.3073,0.0000,0.00000,18.0000
27.3724,0.0000,0.00000,18.0000
27.4374,0.0000,0.00000,18.0000
27.5025,0.0000,0.00000,18.0000
27.5676,0.0000,0.00000,18.0000
27.6326,0.0000,0.00000,18.0000
27.6977,0.0000,0.00000,18.0000
27.7628,0.0000,0.00000,18.0000
27.8278,0.0000,0.00000,18.0000
27.8929,0.0000,0.00000,18.0000
27.9580,0.0000,0.00000,18.0000
28.0230,0.0000,0.00000,18.0000
28.0881,0.0000,0.00000,18.0000
28.1532,0.0000,0.00000,18.0000
28.2182,0.0000,0.00000,18.0000
28.2833,0.0000,0.00000,18.0000
28.3483,0.0000,0.00000,18.0000
28.4134,0.0000,0.00000,18.0000
28.4785,0.0000,0.00000,18.0000
28.5435,0.0000,0.00000,18.0000
28.6086,0.0000,0.00000,18.0000
28.6737,0.0000,0.00000,18.0000
28.7387,0.0000,0.00000,18.0000
28.8038,0.0000,0.00000,18.0000
28.8689,0.0000,0.00000,18.0000
28.9339,0.0000,0.00000,18.0000
28.9990,0.0000,0.00000,18.0000
29.0641,0.0000,0.00000,18.0000
29.1291,0.0000,0.00000,18.0000
29.1942,0.0000,0.00000,18.0000
29.2593,0.0000,0.00000,18.0000
29.3243,0.0000,0.00000,18.0000
29.3894,0.0000,0.00000,18.0000
29.4545,0.0000,0.00000,18.0000
29.5195,0.0000,0.00000,18.0000
29.5846,0.0000,0.00000,18.0000
29.6496,0.0000,0.00000,18.0000
29.7147,0.0000,0.00000,18.0000
29.7798,0.0000,0.00000,18.0000
29.8448,0.0000,0.00000,18.0000
29.9099,0.0000,0.00000,18.0000
29.9750,0.0000,0.00000,18.0000
30.0400,0.0000,0.00000,18.0000
30.1051,0.0000,0.00000,18.0000
30.1702,0.0000,0.00000,18.0000
30.2352,0.0000,0.00000,18.0000
30.3003,0.0000,0.00000,18.0000
30.3654,0.0000,0.00000,18.0000
30.4304,0.0000,0.00000,18.0000
30.4955,0.0000,0.00000,18.0000
30.5606,0.0000,0.00000,18.0000
30.6256,0.0000,0.00000,18.0000
30.6907,0.0000,0.00000,18.0000
30.7558,0.0000,0.00000,18.0000
30.8208,0.0000,0.00000,18.0000
30.8859,0.0000,0.00000,18.0000
30.9510,0.0000,0.00000,18.0000
31.0160,0.0000,0.00000,18.0000
31.0811,0.0000,0.00000,18.0000
31.1461,0.0000,0.00000,18.0000
31.2112,0.0000,0.00000,18.0000
31.2763,0.0000,0.00000,18.0000
31.3413,0.0000,0.00000,18.0000
31.4064,0.0000,0.00000,18.0000
31.4715,0.0000,0.00000,18.0000
31.5365,0.0000,0.00000,18.0000
31.6016,0.0000,0.00000,18.0000
31.6667,0.0000,0.00000,18.0000
31.7317,0.0000,0.00000,18.0000
31.7968,0.0000,0.00000,18.0000
31.8619,0.0000,0.00000,18.0000
31.9269,0.0000,0.00000,18.0000
31.9920,0.0000,0.00000,18.0000
32.0571,0.0000,0.00000,18.0000
32.1221,0.0000,0.00000,18.0000
32.1872,0.0000,0.00000,18.0000
32.2523,0.0000,0.00000,18.0000
32.3173,0.0000,0.00000,18.0000
32.3824,0.0000,0.00000,18.0000
32.4474,0.0000,0.00000,18.0000
32.5125,0.0000,0.00000,18.0000
32.5776,0.0000,0.00000,18.0000
32.6426,0.0000,0.00000,18.0000
32.7077,0.0000,0.00000,18.0000
32.7728,0.0000,0.00000,18.0000
32.8378,0.0000,0.00000,18.0000
32.9029,0.0000,0.00000,18.0000
32.9680,0.0000,0.00000,18.0000
33.0330,0.0000,0.00000,18.0000
33.0981,0.0000,0.00000,18.0000
33.1632,0.0000,0.00000,18.0000
33.2282,0.0000,0.00000,18.0000
33.2933,0.0000,0.00000,18.0000
33.3584,0.0000,0.00000,18.0000
33.4234,0.0000,0.00000,18.0000
33.4885,0.0000,0.00000,18.0000
33.5536,0.0000,0.00000,18.0000
33.6186,0.0000,0.00000,18.0000
33.6837,0.0000,0.00000,18.0000
33.7487,0.0000,0.00000,18.0000
33.8138,0.0000,0.00000,18.0000
33.8789,0.0000,0.00000,18.0000
33.9439,0.0000,0.00000,18.0000
34.0090,0.0000,0.00000,18.0000
34.0741,0.0000,0.00000,18.0000
34.1391,0.0000,0.00000,18.0000
34.2042,0.0000,0.00000,18.0000
34.2693,0.0000,0.00000,18.0000
34.3343,0.0000,0.00000,18.0000
34.3994,0.0000,0.00000,18.0000
34.4645,0.0000,0.00000,18.0000
34.5295,0.0000,0.00000,18.0000
34.5946,0.0000,0.00000,18.0000
34.6597,0.0000,0.00000,18.0000
34.7247,0.0000,0.00000,18.0000
34.7898,0.0000,0.00000,18.0000
34.8549,0.0000,0.00000,18.0000
34.9199,0.0000,0.00000,18.0000
34.9850,0.0000,0.00000,18.0000
35.0501,0.0000,0.00000,18.0000
35.1151,0.0000,0.00000,18.0000
35.1802,0.0000,0.00000,18.0000
35.2452,0.0000,0.00000,18.0000
35.3103,0.0000,0.00000,18.0000
35.3754,0.0000,0.00000,18.0000
35.4404,0.0000,0.00000,18.0000
35.5055,0.0000,0.00000,18.0000
35.5706,0.0000,0.00000,18.0000
35.6356,0.0000,0.00000,18.0000
35.7007,0.0000,0.00000,18.0000
35.7658,0.0000,0.00000,18.0000
35.8308,0.0000,0.00000,18.0000
35.8959,0.0000,0.00000,18.0000
35.9610,0.0000,0.00000,18.0000
36.0260,0.0000,0.00000,18.0000
36.0911,0.0000,0.00000,18.0000
36.1562,0.0000,0.00000,18.0000
36.2212,0.0000,0.00000,18.0000
36.2863,0.0000,0.00000,18.0000
36.3514,0.0000,0.00000,18.0000
36.4164,0.0000,0.00000,18.0000
36.4815,0.0000,0.00000,18.0000
36.5465,0.0000,0.00000,18.0000
36.6116,0.0000,0.00000,18.0000
36.6767,0.0000,0.00000,18.0000
36.7417,0.0000,0.00000,18.0000
36.8068,0.0000,0.00000,18.0000
36.8719,0.0000,0.00000,18.0000
36.9369,0.0000,0.00000,18.0000
37.0020,0.0000,0.00000,18.0000
37.0671,0.0000,0.00000,18.0000
37.1321,0.0000,0.00000,18.0000
37.1972,0.0000,0.00000,18.0000
37.2623,0.0000,0.00000,18.0000
37.3273,0.0000,0.00000,18.0000
37.3924,0.0000,0.00000,18.0000
37.4575,0.0000,0.00000,18.0000
37.5225,0.0000,0.00000,18.0000
37.5876,0.0000,0.00000,18.0000
37.6527,0.0000,0.00000,18.0000
37.7177,0.0000,0.00000,18.0000
37.7828,0.0000,0.00000,18.0000
37.8478,0.0000,0.00000,18.0000
37.9129,0.0000,0.00000,18.0000
37.9780,0.0000,0.00000,18.0000
38.0430,0.0000,0.00000,18.0000
38.1081,0.0000,0.00000,18.0000
38.1732,0.0000,0.00000,18.0000
38.2382,0.0000,0.00000,18.0000
38.3033,0.0000,0.00000,18.0000
38.3684,0.0000,0.00000,18.0000
38.4334,0.0000,0.00000,18.0000
38.4985,0.0000,0.00000,18.0000
38.5636,0.0000,0.00000,18.0000
38.6286,0.0000,0.00000,18.0000
38.6937,0.0000,0.00000,18.0000
38.7588,0.0000,0.00000,18.0000
38.8238,0.0000,0.00000,18.0000
38.8889,0.0000,0.00000,18.0000
38.9540,0.0000,0.00000,18.0000
39.0190,0.0000,0.00000,18.0000
39.0841,0.0000,0.00000,18.0000
39.1491,0.0000,0.00000,18.0000
39.2142,0.0000,0.00000,18.0000
39.2793,0.0000,0.00000,18.0000
39.3443,0.0000,0.00000,18.0000
39.4094,0.0000,0.00000,18.0000
39.4745,0.0000,0.00000,18.0000
39.5395,0.0000,0.00000,18.0000
39.6046,0.0000,0.00000,18.0000
39.6697,0.0000,0.00000,18.0000
39.7347,0.0000,0.00000,18.0000
39.7998,0.0000,0.00000,18.0000
39.8649,0.0000,0.00000,17.9996
39.9299,0.0000,0.00000,17.9971
39.9950,0.0000,0.00000,17.9927
40.0601,0.0000,0.00000,17.9862
40.1251,0.0000,0.00000,17.9777
40.1902,0.0000,0.00000,17.9672
40.2553,0.0000,0.00000,17.9547
40.3203,0.0000,0.00000,17.9401
40.3854,0.0000,0.00000,17.9235
40.4505,0.0000,0.00000,17.9054
40.5155,0.0000,0.00000,17.8872
40.5806,0.0000,0.00000,17.8690
40.6456,0.0000,0.00000,17.8508
40.7107,0.0000,0.00000,17.8325
40.7758,0.0000,0.00000,17.8143
40.8408,0.0000,0.00000,17.7960
40.9059,0.0000,0.00000,17.7777
40.9710,0.0000,0.00000,17.7594
41.0360,0.0000,0.00000,17.7411
41.1011,0.0000,0.00000,17.7227
41.1662,0.0000,0.00000,17.7044
41.2312,0.0000,0.00000,17.6860
41.2963,0.0000,0.00000,17.6676
41.3614,0.0000,0.00000,17.6492
41.4264,0.0000,0.00000,17.6307
41.4915,0.0000,0.00000,17.6123
41.5566,0.0000,0.00000,17.5938
41.6216,0.0000,0.00000,17.5753
41.6867,0.0000,0.00000,17.5568
41.7518,0.0000,0.00000,17.5382
41.8168,0.0000,0.00000,17.5197
41.8819,0.0000,0.00000,17.5011
41.9469,0.0000,0.00000,17.4825
42.0120,0.0000,0.00000,17.4639
42.0771,0.0000,0.00000,17.4452
42.1421,0.0000,0.00000,17.4266
42.2072,0.0000,0.00000,17.4079
42.2723,0.0000,0.00000,17.3892
42.3373,0.0000,0.00000,17.3705
42.4024,0.0000,0.00000,17.3517
42.4675,0.0000,0.00000,17.3330
42.5325,0.0000,0.00000,17.3142
42.5976,0.0000,0.00000,17.2954
42.6627,0.0000,0.00000,17.2766
42.7277,0.0000,0.00000,17.2577
42.7928,0.0000,0.00000,17.2389
42.8579,0.0000,0.00000,17.2200
42.9229,0.0000,0.00000,17.2011
42.9880,0.0000,0.00000,17.1822
43.0531,0.0000,0.00000,17.1632
43.1181,0.0000,0.00000,17.1443
43.1832,0.0000,0.00000,17.1253
43.2482,0.0000,0.00000,17.1063
43.3133,0.0000,0.00000,17.0872
43.3784,0.0000,0.00000,17.0682
43.4434,0.0000,0.00000,17.0491
43.5085,0.0000,0.00000,17.0300
43.5736,0.0000,0.00000,17.0109
43.6386,0.0000,0.00000,16.9918
43.7037,0.0000,0.00000,16.9726
43.7688,0.0000,0.00000,16.9534
43.8338,0.0000,0.00000,16.9342
43.8989,0.0000,0.00000,16.9150
43.9640,0.0000,0.00000,16.8958
44.0290,0.0000,0.00000,16.8765
44.0941,0.0000,0.00000,16.8572
44.1592,0.0000,0.00000,16.8379
44.2242,0.0000,0.00000,16.8186
44.2893,0.0000,0.00000,16.7992
44.3544,0.0000,0.00000,16.7798
44.4194,0.0000,0.00000,16.7604
44.4845,0.0000,0.00000,16.7410
44.5495,0.0000,0.00000,16.7216
44.6146,0.0000,0.00000,16.7021
44.6797,0.0000,0.00000,16.6826
44.7447,0.0000,0.00000,16.6631
44.8098,0.0000,0.00000,16.6436
44.8749,0.0000,0.00000,16.6240
44.9399,0.0000,0.00000,16.6044
45.0050,0.0000,0.00000,16.5848
45.0701,0.0000,0.00000,16.5652
45.1351,0.0000,0.00000,16.5455
45.2002,0.0000,0.00000,16.5259
45.2653,0.0000,0.00000,16.5062
45.3303,0.0000,0.00000,16.4865
45.3954,0.0000,0.00000,16.4667
45.4605,0.0000,0.00000,16.4469
45.5255,0.0000,0.00000,16.4271
45.5906,0.0000,0.00000,16.4073
45.6557,0.0000,0.00000,16.3875
45.7207,0.0000,0.00000,16.3676
45.7858,0.0000,0.00000,16.3477
45.8509,0.0000,0.00000,16.3278
45.9159,0.0000,0.00000,16.3079
45.9810,0.0000,0.00000,16.2879
46.0460,0.0000,0.00000,16.2679
46.1111,0.0000,0.00000,16.2479
46.1762,0.0000,0.00000,16.2279
46.2412,0.0000,0.00000,16.2078
46.3063,0.0000,0.00000,16.1877
46.3714,0.0000,0.00000,16.1676
46.4364,0.0000,0.00000,16.1475
46.5015,0.0000,0.00000,16.1273
46.5666,0.0000,0.00000,16.1072
46.6316,0.0000,0.00000,16.0869
46.6967,0.0000,0.00000,16.0667
46.7618,0.0000,0.00000,16.0465
46.8268,0.0000,0.00000,16.0262
46.8919,0.0000,0.00000,16.0059
46.9570,0.0000,0.00000,15.9855
47.0220,0.0000,0.00000,15.9651
47.0871,0.0000,0.00000,15.9448
47.1522,0.0000,0.00000,15.9243
47.2172,0.0000,0.00000,15.9039
47.2823,0.0000,0.00000,15.8834
47.3473,0.0000,0.00000,15.8629
47.4124,0.0000,0.00000,15.8424
47.4775,0.0000,0.00000,15.8219
47.5425,0.0000,0.00000,15.8013
47.6076,0.0000,0.00000,15.7807
47.6727,0.0000,0.00000,15.7601
47.7377,0.0000,0.00000,15.7394
47.8028,0.0000,0.00000,15.7187
47.8679,0.0000,0.00000,15.6980
47.9329,0.0000,0.00000,15.6773
47.9980,0.0000,0.00000,15.6565
48.0631,0.0000,0.00000,15.6357
48.1281,0.0000,0.00000,15.6149
48.1932,0.0000,0.00000,15.5940
48.2583,0.0000,0.00000,15.5732
48.3233,0.0000,0.00000,15.5523
48.3884,0.0000,0.00000,15.5313
48.4535,0.0000,0.00000,15.5104
48.5185,0.0000,0.00000,15.4894
48.5836,0.0000,0.00000,15.4684
48.6486,0.0000,0.00000,15.4473
48.7137,0.0000,0.00000,15.4262
48.7788,0.0000,0.00000,15.4051
48.8438,0.0000,0.00000,15.3840
48.9089,0.0000,0.00000,15.3628
48.9740,0.0000,0.00000,15.3416
49.0390,0.0000,0.00000,15.3204
49.1041,0.0000,0.00000,15.2992
49.1692,0.0000,0.00000,15.2779
49.2342,0.0000,0.00000,15.2566
49.2993,0.0000,0.00000,15.2353
49.3644,0.0000,0.00000,15.2139
49.4294,0.0000,0.00000,15.1925
49.4945,0.0000,0.00000,15.1711
49.5596,0.0000,0.00000,15.1496
49.6246,0.0000,0.00000,15.1281
49.6897,0.0000,0.00000,15.1066
49.7548,0.0000,0.00000,15.0850
49.8198,0.0000,0.00000,15.0635
49.8849,0.0000,0.00000,15.0418
49.9499,0.0000,0.00000,15.0202
50.0150,0.0000,0.00000,14.9985
50.0801,0.0000,0.00000,14.9768
50.1451,0.0000,0.00000,14.9551
50.2102,0.0000,0.00000,14.9333
50.2753,0.0000,0.00000,14.9115
50.3403,0.0000,0.00000,14.8897
50.4054,0.0000,0.00000,14.8678
50.4705,0.0000,0.00000,14.8459
50.5355,0.0000,0.00000,14.8240
50.6006,0.0000,0.00000,14.8020
50.6657,0.0000,0.00000,14.7800
50.7307,0.0000,0.00000,14.7580
50.7958,0.0000,0.00000,14.7359
50.8609,0.0000,0.00000,14.7138
50.9259,0.0000,0.00000,14.6917
50.9910,0.0000,0.00000,14.6696
51.0561,0.0000,0.00000,14.6474
51.1211,0.0000,0.00000,14.6251
51.1862,0.0000,0.00000,14.6029
51.2513,0.0000,0.00000,14.5806
51.3163,0.0000,0.00000,14.5582
51.3814,0.0000,0.00000,14.5359
51.4464,0.0000,0.00000,14.5135
51.5115,0.0000,0.00000,14.4910
51.5766,0.0000,0.00000,14.4686
51.6416,0.0000,0.00000,14.4461
51.7067,0.0000,0.00000,14.4235
51.7718,0.0000,0.00000,14.4010
51.8368,0.0000,0.00000,14.3784
51.9019,0.0000,0.00000,14.3557
51.9670,0.0000,0.00000,14.3330
52.0320,0.0000,0.00000,14.3103
52.0971,0.0000,0.00000,14.2876
52.1622,0.0000,0.00000,14.2648
52.2272,0.0000,0.00000,14.2420
52.2923,0.0000,0.00000,14.2191
52.3574,0.0000,0.00000,14.1962
52.4224,0.0000,0.00000,14.1733
52.4875,0.0000,0.00000,14.1503
52.5526,0.0000,0.00000,14.1273
52.6176,0.0000,0.00000,14.1042
52.6827,0.0000,0.00000,14.0811
52.7477,0.0000,0.00000,14.0580
52.8128,0.0000,0.00000,14.0349
52.8779,0.0000,0.00000,14.0117
52.9429,0.0000,0.00000,13.9884
53.0080,0.0000,0.00000,13.9651
53.0731,0.0000,0.00000,13.9418
53.1381,0.0000,0.00000,13.9185
53.2032,0.0000,0.00000,13.8951
53.2683,0.0000,0.00000,13.8716
53.3333,0.0000,0.00000,13.8482
53.3984,0.0000,0.00000,13.8247
53.4635,0.0000,0.00000,13.8011
53.5285,0.0000,0.00000,13.7775
53.5936,0.0000,0.00000,13.7539
53.6587,0.0000,0.00000,13.7302
53.7237,0.0000,0.00000,13.7065
53.7888,0.0000,0.00000,13.6827
53.8539,0.0000,0.00000,13.6589
53.9189,0.0000,0.00000,13.6351
53.9840,0.0000,0.00000,13.6112
54.0490,0.0000,0.00000,13.5873
54.1141,0.0000,0.00000,13.5633
54.1792,0.0000,0.00000,13.5393
54.2442,0.0000,0.00000,13.5153
54.3093,0.0000,0.00000,13.4912
54.3744,0.0000,0.00000,13.4670
54.4394,0.0000,0.00000,13.4429
54.5045,0.0000,0.00000,13.4186
54.5696,0.0000,0.00000,13.3944
54.6346,0.0000,0.00000,13.3701
54.6997,0.0000,0.00000,13.3457
54.7648,0.0000,0.00000,13.3213
54.8298,0.0000,0.00000,13.2969
54.8949,0.0000,0.00000,13.2724
54.9600,0.0000,0.00000,13.2478
55.0250,0.0000,0.00000,13.2233
55.0901,0.0000,0.00000,13.1986
55.1552,0.0000,0.00000,13.1740
55.2202,0.0000,0.00000,13.1492
55.2853,0.0000,0.00000,13.1245
55.3504,0.0000,0.00000,13.0997
55.4154,0.0000,0.00000,13.0748
55.4805,0.0000,0.00000,13.0499
55.5455,0.0000,0.00000,13.0250
55.6106,0.0000,0.00000,12.9999
55.6757,0.0000,0.00000,12.9749
55.7407,0.0000,0.00000,12.9498
55.8058,0.0000,0.00000,12.9247
55.8709,0.0000,0.00000,12.8995
55.9359,0.0000,0.00000,12.8742
56.0010,0.0000,0.00000,12.8489
56.0661,0.0000,0.00000,12.8236
56.1311,0.0000,0.00000,12.7982
56.1962,0.0000,0.00000,12.7727
56.2613,0.0000,0.00000,12.7472
56.3263,0.0000,0.00000,12.7217
56.3914,0.0000,0.00000,12.6961
56.4565,0.0000,0.00000,12.6704
56.5215,0.0000,0.00000,12.6447
56.5866,0.0000,0.00000,12.6190
56.6517,0.0000,0.00000,12.5932
56.7167,0.0000,0.00000,12.5673
56.7818,0.0000,0.00000,12.5414
56.8468,0.0000,0.00000,12.5154
56.9119,0.0000,0.00000,12.4894
56.9770,0.0000,0.00000,12.4633
57.0420,0.0000,0.00000,12.4372
57.1071,0.0000,0.00000,12.4110
57.1722,0.0000,0.00000,12.3848
57.2372,0.0000,0.00000,12.3585
57.3023,0.0000,0.00000,12.3321
57.3674,0.0000,0.00000,12.3057
57.4324,0.0000,0.00000,12.2792
57.4975,0.0000,0.00000,12.2527
57.5626,0.0000,0.00000,12.2261
57.6276,0.0000,0.00000,12.1995
57.6927,0.0000,0.00000,12.1728
57.7578,0.0000,0.00000,12.1461
57.8228,0.0000,0.00000,12.1192
57.8879,0.0000,0.00000,12.0924
57.9530,0.0000,0.00000,12.0654
58.0180,0.0000,0.00000,12.0384
58.0831,0.0000,0.00000,12.0114
58.1481,0.0000,0.00000,11.9843
58.2132,0.0000,0.00000,11.9571
58.2783,0.0000,0.00000,11.9298
58.3433,0.0000,0.00000,11.9025
58.4084,0.0000,0.00000,11.8752
58.4735,0.0000,0.00000,11.8478
58.5385,0.0000,0.00000,11.8203
58.6036,0.0000,0.00000,11.7927
58.6687,0.0000,0.00000,11.7651
58.7337,0.0000,0.00000,11.7374
58.7988,0.0000,0.00000,11.7096
58.8639,0.0000,0.00000,11.6818
58.9289,0.0000,0.00000,11.6539
58.9940,0.0000,0.00000,11.6260
59.0591,0.0000,0.00000,11.5980
59.1241,0.0000,0.00000,11.5699
59.1892,0.0000,0.00000,11.5417
59.2543,0.0000,0.00000,11.5135
59.3193,0.0000,0.00000,11.4852
59.3844,0.0000,0.00000,11.4569
59.4494,0.0000,0.00000,11.4284
59.5145,0.0000,0.00000,11.3999
59.5796,0.0000,0.00000,11.3714
59.6446,0.0000,0.00000,11.3427
59.7097,0.0000,0.00000,11.3140
59.7748,0.0000,0.00000,11.2852
59.8398,0.0000,0.00000,11.2563
59.9049,0.0000,0.00000,11.2274
59.9700,0.0000,0.00000,11.1984
60.0350,0.0000,0.00000,11.1693
60.1001,0.0000,0.00000,11.1401
60.1652,0.0000,0.00000,11.1109
60.2302,0.0000,0.00000,11.0816
60.2953,0.0000,0.00000,11.0522
60.3604,0.0000,0.00000,11.0227
60.4254,0.0000,0.00000,10.9931
60.4905,0.0000,0.00000,10.9635
60.5556,0.0000,0.00000,10.9338
60.6206,0.0000,0.00000,10.9040
60.6857,0.0000,0.00000,10.8741
60.7508,0.0000,0.00000,10.8441
60.8158,0.0000,0.00000,10.8141
60.8809,0.0000,0.00000,10.7840
60.9459,0.0000,0.00000,10.7538
61.0110,0.0000,0.00000,10.7235
61.0761,0.0000,0.00000,10.6931
61.1411,0.0000,0.00000,10.6626
61.2062,0.0000,0.00000,10.6321
61.2713,0.0000,0.00000,10.6014
61.3363,0.0000,0.00000,10.5707
61.4014,0.0000,0.00000,10.5399
61.4665,0.0000,0.00000,10.5089
61.5315,0.0000,0.00000,10.4779
61.5966,0.0000,0.00000,10.4468
61.6617,0.0000,0.00000,10.4157
61.7267,0.0000,0.00000,10.3844
61.7918,0.0000,0.00000,10.3530
61.8569,0.0000,0.00000,10.3215
61.9219,0.0000,0.00000,10.2899
61.9870,0.0000,0.00000,10.2583
62.0521,0.0000,0.00000,10.2265
62.1171,0.0000,0.00000,10.1947
62.1822,0.0000,0.00000,10.1627
62.2472,0.0000,0.00000,10.1306
62.3123,0.0000,0.00000,10.0985
62.3774,0.0000,0.00000,10.0662
62.4424,0.0000,0.00000,10.0338
62.5075,0.0000,0.00000,10.0013
62.5726,0.0000,0.00000,9.9688
62.6376,0.0000,0.00000,9.9361
62.7027,0.0000,0.00000,9.9033
62.7678,0.0000,0.00000,9.8704
62.8328,0.0000,0.00000,9.8373
62.8979,0.0000,0.00000,9.8042
62.9630,0.0000,0.00000,9.7710
63.0280,0.0000,0.00000,9.7376
63.0931,0.0000,0.00000,9.7041
63.1582,0.0000,0.00000,9.6706
63.2232,0.0000,0.00000,9.6369
63.2883,0.0000,0.00000,9.6030
63.3534,0.0000,0.00000,9.5691
63.4184,0.0000,0.00000,9.5350
63.4835,0.0000,0.00000,9.5009
63.5485,0.0000,0.00000,9.4666
63.6136,0.0000,0.00000,9.4321
63.6787,0.0000,0.00000,9.3976
63.7437,0.0000,0.00000,9.3629
63.8088,0.0000,0.00000,9.3281
63.8739,0.0000,0.00000,9.2931
63.9389,0.0000,0.00000,9.2580
64.0040,0.0000,0.00000,9.2228
64.0691,0.0000,0.00000,9.1875
64.1341,0.0000,0.00000,9.1520
64.1992,0.0000,0.00000,9.1164
64.2643,0.0000,0.00000,9.0806
64.3293,0.0000,0.00000,9.0447
64.3944,0.0000,0.00000,9.0087
64.4595,0.0000,0.00000,8.9725
64.5245,0.0000,0.00000,8.9362
64.5896,0.0000,0.00000,8.8997
64.6547,0.0000,0.00000,8.8630
64.7197,0.0000,0.00000,8.8263
64.7848,0.0000,0.00000,8.7893
64.8498,0.0000,0.00000,8.7522
64.9149,0.0000,0.00000,8.7150
64.9800,0.0000,0.00000,8.6775
65.0450,0.0000,0.00000,8.6400
65.1101,0.0000,0.00000,8.6022
65.1752,0.0000,0.00000,8.5643
65.2402,0.0000,0.00000,8.5262
65.3053,0.0000,0.00000,8.4880
65.3704,0.0000,0.00000,8.4496
65.4354,0.0000,0.00000,8.4110
65.5005,0.0000,0.00000,8.3722
65.5656,0.0000,0.00000,8.3333
65.6306,0.0000,0.00000,8.2941
65.6957,0.0000,0.00000,8.2548
65.7608,0.0000,0.00000,8.2153
65.8258,0.0000,0.00000,8.1756
65.8909,0.0000,0.00000,8.1357
65.9560,0.0000,0.00000,8.0956
66.0210,0.0000,0.00000,8.0553
66.0861,0.0000,0.00000,8.0148
66.1512,0.0000,0.00000,7.9741
66.2162,0.0000,0.00000,7.9332
66.2813,0.0000,0.00000,7.8921
66.3463,0.0000,0.00000,7.8507
66.4114,0.0000,0.00000,7.8092
66.4765,0.0000,0.00000,7.7674
66.5415,0.0000,0.00000,7.7254
66.6066,0.0000,0.00000,7.6832
66.6717,0.0000,0.00000,7.6407
66.7367,0.0000,0.00000,7.5980
66.8018,0.0000,0.00000,7.5550
66.8669,0.0000,0.00000,7.5118
66.9319,0.0000,0.00000,7.4684
66.9970,0.0000,0.00000,7.4247
67.0621,0.0000,0.00000,7.3807
67.1271,0.0000,0.00000,7.3365
67.1922,0.0000,0.00000,7.2920
67.2573,0.0000,0.00000,7.2473
67.3223,0.0000,0.00000,7.2022
67.3874,0.0000,0.00000,7.1569
67.4525,0.0000,0.00000,7.1113
67.5175,0.0000,0.00000,7.0654
67.5826,0.0000,0.00000,7.0192
67.6476,0.0000,0.00000,6.9727
67.7127,0.0000,0.00000,6.9258
67.7778,0.0000,0.00000,6.8787
67.8428,0.0000,0.00000,6.8312
67.9079,0.0000,0.00000,6.7834
67.9730,0.0000,0.00000,6.7353
68.0380,0.0000,0.00000,6.6868
68.1031,0.0000,0.00000,6.6379
68.1682,0.0000,0.00000,6.5887
68.2332,0.0000,0.00000,6.5391
68.2983,0.0000,0.00000,6.4892
68.3634,0.0000,0.00000,6.4388
68.4284,0.0000,0.00000,6.3881
68.4935,0.0000,0.00000,6.3369
68.5586,0.0000,0.00000,6.2853
68.6236,0.0000,0.00000,6.2333
68.6887,0.0000,0.00000,6.1809
68.7538,0.0000,0.00000,6.1280
68.8188,0.0000,0.00000,6.0747
68.8839,0.0000,0.00000,6.0209
68.9489,0.0000,0.00000,5.9665
69.0140,0.0000,0.00000,5.9117
69.0791,0.0000,0.00000,5.8564
69.1441,0.0000,0.00000,5.8006
69.2092,0.0000,0.00000,5.7442
69.2743,0.0000,0.00000,5.6872
69.3393,0.0000,0.00000,5.6297
69.4044,0.0000,0.00000,5.5715
69.4695,0.0000,0.00000,5.5128
69.5345,0.0000,0.00000,5.4534
69.5996,0.0000,0.00000,5.3934
69.6647,0.0000,0.00000,5.3327
69.7297,0.0000,0.00000,5.2713
69.7948,0.0000,0.00000,5.2091
69.8599,0.0000,0.00000,5.1462
69.9249,0.0000,0.00000,5.0826
69.9900,0.0000,0.00000,5.0181
70.0551,0.0000,0.00000,4.9527
70.1201,0.0000,0.00000,4.8865
70.1852,0.0000,0.00000,4.8194
70.2503,0.0000,0.00000,4.7513
70.3153,0.0000,0.00000,4.6823
70.3804,0.0000,0.00000,4.6121
70.4454,0.0000,0.00000,4.5409
70.5105,0.0000,0.00000,4.4686
70.5756,0.0000,0.00000,4.3951
70.6406,0.0000,0.00000,4.3203
70.7057,0.0000,0.00000,4.2441
70.7708,0.0000,0.00000,4.1666
70.8358,0.0000,0.00000,4.0876
70.9009,0.0000,0.00000,4.0070
70.9660,0.0000,0.00000,3.9247
71.0310,0.0000,0.00000,3.8407
71.0961,0.0000,0.00000,3.7547
71.1612,0.0000,0.00000,3.6667
71.2262,0.0000,0.00000,3.5765
71.2913,0.0000,0.00000,3.4839
71.3564,0.0000,0.00000,3.3887
71.4214,0.0000,0.00000,3.2908
71.4865,0.0000,0.00000,3.1897
71.5516,0.0000,0.00000,3.0852
71.6166,0.0000,0.00000,2.9770
71.6817,0.0000,0.00000,2.8645
71.7467,0.0000,0.00000,2.7472
71.8118,0.0000,0.00000,2.6355
71.8769,0.0000,0.00000,2.5299
71.9419,0.0000,0.00000,2.4308
72.0070,0.0000,0.00000,2.3386
72.0721,0.0000,0.00000,2.2537
72.1371,0.0000,0.00000,2.1769
72.2022,0.0000,0.00000,2.1085
72.2673,0.0000,0.00000,2.0495
72.3323,0.0000,0.00000,2.0008
72.3974,0.0000,0.00000,1.9520
72.4625,0.0000,0.00000,1.9032
72.5275,0.0000,0.00000,1.8544
72.5926,0.0000,0.00000,1.8056
72.6577,0.0000,0.00000,1.7568
72.7227,0.0000,0.00000,1.7080
72.7878,0.0000,0.00000,1.6632
72.8529,0.0000,0.00000,1.6238
72.9179,0.0000,0.00000,1.5898
72.9830,0.0000,0.00000,1.5613
73.0480,0.0000,0.00000,1.5382
73.1131,0.0000,0.00000,1.5205
73.1782,0.0000,0.00000,1.5083
73.2432,0.0000,0.00000,1.5014
73.3083,0.0000,0.00000,1.5000
73.3734,0.0000,0.00000,1.5000
73.4384,0.0000,0.00000,1.5000
73.5035,0.0000,0.00000,1.5000
73.5686,0.0000,0.00000,1.5000
73.6336,0.0000,0.00000,1.5000
73.6987,0.0000,0.00000,1.5000
73.7638,0.0000,0.00000,1.5000
73.8288,0.0000,0.00000,1.5000
73.8939,0.0000,0.00000,1.5000
73.9590,0.0000,0.00000,1.5000
74.0240,0.0000,0.00000,1.5000
74.0891,0.0000,0.00000,1.5000
74.1542,0.0000,0.00000,1.5000
74.2192,0.0000,0.00000,1.5000
74.2843,0.0000,0.00000,1.5000
74.3493,0.0000,0.00000,1.5000
74.4144,0.0000,0.00000,1.5000
74.4795,0.0000,0.00000,1.5000
74.5445,0.0000,0.00000,1.5000
74.6096,0.0000,0.00000,1.5000
74.6747,0.0000,0.00000,1.5309
74.7397,0.0000,0.00000,1.5884
74.8048,0.0000,0.00000,1.6460
74.8699,0.0000,0.00000,1.7035
74.9349,0.0000,0.00000,1.7610
75.0000,0.0000,0.00000,1.8186
